source_id,source_name,source_type,url,status
S001,Locked package evidence report,resource_registry,https://earthobservatory.nasa.gov/images/81450/severe-flooding-in-northern-india-nepal,success
S002,HDX CKAN package search,resource_registry,https://data.humdata.org/api/3/action/package_search?q=June%202013%20Uttarakhand%20Himalayan%20floods&rows=10,success
S003,WorldPop population grids,resource_registry,https://hub.worldpop.org/geodata/listing?id=29&iso3=India%20%2F%20Nepal,success
S004,GHSL built-up and settlement layers,resource_registry,https://ghsl.jrc.ec.europa.eu/download.php,success
S005,OpenStreetMap Geofabrik extracts,resource_registry,https://download.geofabrik.de/index-v1-nogeom.json,success
S006,Open-Meteo Air Quality API,resource_registry,"https://air-quality-api.open-meteo.com/v1/air-quality?latitude=27.7172&longitude=85.3240&start_date=2013-06-15&end_date=2013-06-18&hourly=pm10,pm2_5,ozone,nitrogen_dioxide",success
S007,Natural Earth Admin-0/physical basemap,resource_registry,https://naturalearth.s3.amazonaws.com/110m_cultural/ne_110m_admin_0_countries.zip,success
S008,GDACS event list GeoJSON API,resource_registry,https://www.gdacs.org/gdacsapi/api/events/geteventlist/SEARCH?eventtype=FL&fromDate=2013-06-15&toDate=2013-06-18,success
S009,NASA GPM IMERG precipitation via CMR/Earthdata,resource_registry,https://cmr.earthdata.nasa.gov/search/collections.json?keyword=GPM%20IMERG&page_size=5,success
S010,CHIRPS daily precipitation,resource_registry,https://data.chc.ucsb.edu/products/CHIRPS-2.0/,success
S011,Open-Meteo historical weather point API,resource_registry,"https://archive-api.open-meteo.com/v1/archive?latitude=27.7172&longitude=85.3240&start_date=2013-06-15&end_date=2013-06-18&hourly=precipitation,wind_speed_10m&timezone=UTC",success
S012,Copernicus EMS Rapid Mapping / EMSR archive,resource_registry,https://rapidmapping.emergency.copernicus.eu/,success
S013,Nominatim event location search,resource_registry,https://nominatim.openstreetmap.org/search?q=Uttarakhand+and+western+Nepal+Himalayan+basins+India+%2F+Nepal&format=jsonv2&limit=5,success
S014,NASA POWER daily point weather API,resource_registry,https://power.larc.nasa.gov/api/temporal/daily/point?parameters=PRECTOTCORR%2CT2M%2CWS10M&community=AG&longitude=85.3240&latitude=27.7172&start=20130615&end=20130618&format=JSON,success
S015,NASA Worldview/GIBS MODIS thumbnail,resource_registry,https://wvs.earthdata.nasa.gov/api/v1/snapshot?REQUEST=GetSnapshot&TIME=2013-06-15&BBOX=25.2172%2C82.8240%2C30.2172%2C87.8240&CRS=EPSG%3A4326&LAYERS=MODIS_Terra_CorrectedReflectance_TrueColor&FORMAT=image%2Fjpeg&WIDTH=1024&HEIGHT=768,success
S016,compact per-event AOI derived from event bbox,resource_registry,,success
S017,ERA5-Land hourly aggregate stats,resource_registry,,success
S018,GPM IMERG V07 event accumulated precipitation,resource_registry,,success
S019,CHIRPS daily event accumulated precipitation,resource_registry,,success
S020,WorldPop GP 100m population sum,resource_registry,,success
S021,Sentinel-1 GRD VV pre/post change,resource_registry,,success
S022,pre,resource_registry,https://wvs.earthdata.nasa.gov/api/v1/snapshot?REQUEST=GetSnapshot&TIME=2013-05-16&BBOX=-10.0%2C-17.5%2C25.0%2C17.5&CRS=EPSG%3A4326&LAYERS=MODIS_Terra_CorrectedReflectance_TrueColor&FORMAT=image%2Fjpeg&WIDTH=1024&HEIGHT=768,success
S023,event,resource_registry,https://wvs.earthdata.nasa.gov/api/v1/snapshot?REQUEST=GetSnapshot&TIME=2013-06-16&BBOX=-10.0%2C-17.5%2C25.0%2C17.5&CRS=EPSG%3A4326&LAYERS=MODIS_Terra_CorrectedReflectance_TrueColor&FORMAT=image%2Fjpeg&WIDTH=1024&HEIGHT=768,success
S024,Locked event anchor: June 2013 Uttarakhand Himalayan floods,event_specific_sources,https://earthobservatory.nasa.gov/images/81450/severe-flooding-in-northern-india-nepal,remote_verified
S025,NASA Earth Observatory - Severe flooding in Northern India and Nepal,event_specific_sources,https://earthobservatory.nasa.gov/images/81450/severe-flooding-in-northern-india-nepal,downloaded
S026,Indian Red Cross - Uttarakhand flash floods report,event_specific_sources,https://indianredcross.org/press-rel27-june2013.htm,downloaded
S027,01_event_anchor_report_Locked_package_evidence_report.html,auxiliary_local_files,,local_file_found
S028,04_physical_hazard_api_Open-Meteo_historical_weather_point_API.json,auxiliary_local_files,,local_file_found
S029,chirps_event_precip.zip,auxiliary_local_files,,local_file_found
S030,era5_land_event_stack.zip,auxiliary_local_files,,local_file_found
S031,gpm_imerg_event_precip.zip,auxiliary_local_files,,local_file_found
S032,osm_overpass_exposure_slice.json,auxiliary_local_files,,local_file_found
S033,worldpop_population_1km.zip,auxiliary_local_files,,local_file_found
S034,01_event_specific_wikipedia_search_Wikipedia_search_for_exact_event_name.json,auxiliary_local_files,,local_file_found
S035,02_event_specific_wikidata_search_Wikidata_entity_search_for_exact_event_name.json,auxiliary_local_files,,local_file_found
S036,05_event_specific_eonet_search_NASA_EONET_keyworddate_event_search.json,auxiliary_local_files,,local_file_found
