file_id,package_id,relative_path,data_category,layer_name,source_id,source_name,source_type,url,bytes,sha256_16,file_status
F0001,CSX-310,data/event_reports/event_reports_001_Locked_package_evidence_report.html,event_reports,event_anchor_report,S001,Locked package evidence report,resource_registry,https://earthobservatory.nasa.gov/images/149367/dramatic-changes-at-hunga-tonga-hunga-haapai,314225,a72df66d87d7e4c7,downloaded
F0002,CSX-310,data/event_reports/event_reports_002_ReliefWeb_public_updates_search.html,event_reports,text_reports,S002,ReliefWeb public updates search,resource_registry,https://reliefweb.int/updates?search=2022+Hunga+Tonga-Hunga+Ha%27apai+eruption+and+tsunami+Tonga,171860,79a8b549276e438d,downloaded
F0003,CSX-310,data/event_catalogs/event_catalogs_001_GDACS_event_feeds_and_archive.xml,event_catalogs,event_catalog_api,S003,GDACS event feeds and archive,resource_registry,https://www.gdacs.org/xml/rss.xml,225166,9326ca698a7adb8c,downloaded
F0004,CSX-310,data/geospatial_context/geospatial_context_001_OpenStreetMap_Nominatim_and_Overpass_AOI.json,geospatial_context,geocoding_or_aoi,S004,OpenStreetMap Nominatim and Overpass AOI,resource_registry,https://nominatim.openstreetmap.org/search?q=2022+Hunga+Tonga-Hunga+Ha%27apai+eruption+and+tsunami+Tonga+Tonga+Oceania&format=jsonv2&limit=5&addressdetails=1,2,4f53cda18c2baa0c,downloaded
F0005,CSX-310,data/other/other_001_Volcanic_Ash_Advisory_Centers_advisories.html,other,specialized_hazard_source,S005,Volcanic Ash Advisory Centers advisories,resource_registry,https://www.ssd.noaa.gov/VAAC/,44259,651077b473c4a158,downloaded
F0006,CSX-310,data/event_catalogs/event_catalogs_002_NASA_EONET_events_API.xml,event_catalogs,event_catalog_api,S006,NASA EONET events API,resource_registry,https://eonet.gsfc.nasa.gov/api/v3/events?start=2022-01-15&end=2022-01-15&status=all&limit=20,145,12120ad325218b8c,downloaded
F0007,CSX-310,data/physical_hazard/physical_hazard_001_NASA_POWER_daily_point_sample.json,physical_hazard,physical_hazard_api,S007,NASA POWER daily point sample,resource_registry,https://power.larc.nasa.gov/api/temporal/daily/point?parameters=T2M%2CPRECTOTCORR%2CWS10M&community=RE&longitude=-175.3820&latitude=-20.5360&start=20220115&end=20220115&format=JSON,677,d465e2f8275cc709,downloaded
F0008,CSX-310,data/physical_hazard/physical_hazard_002_Open-Meteo_archive_point_sample.json,physical_hazard,physical_hazard_api,S008,Open-Meteo archive point sample,resource_registry,https://archive-api.open-meteo.com/v1/archive?latitude=-20.5360&longitude=-175.3820&start_date=2022-01-15&end_date=2022-01-15&daily=temperature_2m_max%2Cprecipitation_sum%2Cwind_speed_10m_max&timezone=UTC,399,3906826d58a3fa94,downloaded
F0009,CSX-310,data/remote_sensing/remote_sensing_001_NASA_GIBS_512px_true-color_thumbnail.jpg,remote_sensing,remote_sensing_preview_or_product,S009,NASA GIBS 512px true-color thumbnail,resource_registry,https://wvs.earthdata.nasa.gov/api/v1/snapshot?REQUEST=GetSnapshot&TIME=2022-01-15&LAYERS=MODIS_Terra_CorrectedReflectance_TrueColor&CRS=EPSG%3A4326&BBOX=-178.3820%2C-23.5360%2C-172.3820%2C-17.5360&FORMAT=image%2Fjpeg&WIDTH=512&HEIGHT=512,1820,dd5adf8ac2316b1a,downloaded
F0010,CSX-310,data/exposure_impact/exposure_impact_001_Overpass_small_roads_and_critical_amenities.json,exposure_impact,exposure_or_impact,S010,Overpass small roads and critical amenities,resource_registry,https://overpass-api.de/api/interpreter,55984,339edb45d8c2d3a2,success
F0011,CSX-310,data/geospatial_context/geospatial_context_002_compact_per-event_AOI_derived_from_event_bbox.json,geospatial_context,aoi,S011,compact per-event AOI derived from event bbox,resource_registry,,449,387751d388498978,success
F0012,CSX-310,data/physical_hazard/physical_hazard_003_ERA5-Land_hourly_aggregate_stats.json,physical_hazard,era5_land,S012,ERA5-Land hourly aggregate stats,resource_registry,,995,fc3e8337e85f4044,success
F0013,CSX-310,data/physical_hazard/physical_hazard_004_GPM_IMERG_V07_event_accumulated_precipitation.json,physical_hazard,gpm_imerg,S013,GPM IMERG V07 event accumulated precipitation,resource_registry,,314,2e85934ec2b2b1df,success
F0014,CSX-310,data/physical_hazard/physical_hazard_005_CHIRPS_daily_event_accumulated_precipitation.json,physical_hazard,chirps,S014,CHIRPS daily event accumulated precipitation,resource_registry,,267,234591e7cccd4714,success
F0015,CSX-310,data/exposure_impact/exposure_impact_002_WorldPop_GP_100m_population_sum.json,exposure_impact,worldpop_population,S015,WorldPop GP 100m population sum,resource_registry,,124,00523f30716dcef4,success
F0016,CSX-310,data/remote_sensing/remote_sensing_002_Google_Satellite_Embedding_64-band_annual_stats.json,remote_sensing,alphaearth_embedding,S016,Google Satellite Embedding 64-band annual stats,resource_registry,,9948,9415705c84c45e19,success
F0017,CSX-310,data/remote_sensing/remote_sensing_003_Google_Satellite_Embedding_annual_cosine-change_stats.json,remote_sensing,alphaearth_embedding,S017,Google Satellite Embedding annual cosine-change stats,resource_registry,,362,9562d01f271275ec,success
F0018,CSX-310,data/remote_sensing/remote_sensing_004_Sentinel-1_GRD_VV_pre_post_change.json,remote_sensing,sentinel1,S018,Sentinel-1 GRD VV pre/post change,resource_registry,,500,b2cc5e51c5a8256b,success
F0019,CSX-310,data/physical_hazard/physical_hazard_006_Sentinel-2_SR_Harmonized_dNBR.json,physical_hazard,sentinel2,S019,Sentinel-2 SR Harmonized dNBR,resource_registry,,475,1896e89633a53f1d,success
F0020,CSX-310,data/exposure_impact/exposure_impact_003_OpenStreetMap_Overpass_bounded_AOI_slice.json,exposure_impact,osm_exposure,S020,OpenStreetMap Overpass bounded AOI slice,resource_registry,,311186,b84fa5d9e56511c8,success
F0021,CSX-310,data/remote_sensing/remote_sensing_005_pre.jpg,remote_sensing,remote_sensing_preview_or_product,S021,pre,resource_registry,https://wvs.earthdata.nasa.gov/api/v1/snapshot?REQUEST=GetSnapshot&TIME=2021-12-16&BBOX=11.9935%2C-7.3737%2C12.9935%2C-6.3737&CRS=EPSG%3A4326&LAYERS=MODIS_Terra_CorrectedReflectance_TrueColor&FORMAT=image%2Fjpeg&WIDTH=1024&HEIGHT=768,4892,cf98fd3e0b74f627,success
F0022,CSX-310,data/remote_sensing/remote_sensing_006_event.jpg,remote_sensing,remote_sensing_preview_or_product,S022,event,resource_registry,https://wvs.earthdata.nasa.gov/api/v1/snapshot?REQUEST=GetSnapshot&TIME=2022-01-15&BBOX=11.9935%2C-7.3737%2C12.9935%2C-6.3737&CRS=EPSG%3A4326&LAYERS=MODIS_Terra_CorrectedReflectance_TrueColor&FORMAT=image%2Fjpeg&WIDTH=1024&HEIGHT=768,43258,02f715222fae321c,success
F0023,CSX-310,data/event_reports/event_reports_003_Locked_event_anchor_2022_Hunga_Tonga-Hunga_Ha_apai_eruption_and_tsunami.json,event_reports,package_locked_event_anchor / NASA Earth Observatory,S023,Locked event anchor: 2022 Hunga Tonga-Hunga Ha'apai eruption and tsunami,event_specific_sources,https://science.nasa.gov/earth/earth-observatory/dramatic-changes-at-hunga-tonga-hunga-haapai-149367/,2945,6c140953c45c7368,remote_verified
F0024,CSX-310,data/other/other_002_01_anchor.html.html,other,unregistered_local_file,S024,01_anchor.html,auxiliary_local_files,,314235,013459191e98a0bb,local_file_found
F0025,CSX-310,data/event_reports/event_reports_004_02_reliefweb_reports.json.json,event_reports,unregistered_local_file,S025,02_reliefweb_reports.json,auxiliary_local_files,,143,16e210c3f8fefa1d,local_file_found
F0026,CSX-310,data/event_catalogs/event_catalogs_003_03_gdacs_rss.xml.xml,event_catalogs,unregistered_local_file,S026,03_gdacs_rss.xml,auxiliary_local_files,,225163,0ed9a0afdc4361a3,local_file_found
F0027,CSX-310,data/geospatial_context/geospatial_context_003_04_nominatim.json.json,geospatial_context,unregistered_local_file,S027,04_nominatim.json,auxiliary_local_files,,463,55d4f20e58cc5524,local_file_found
F0028,CSX-310,data/event_catalogs/event_catalogs_004_05_eonet_events.json.json,event_catalogs,unregistered_local_file,S028,05_eonet_events.json,auxiliary_local_files,,7089,853ec5563d36f7e6,local_file_found
F0029,CSX-310,data/remote_sensing/remote_sensing_007_event_2022-01-15_modis_truecolor.jpg.jpg,remote_sensing,unregistered_local_file,S029,event_2022-01-15_modis_truecolor.jpg,auxiliary_local_files,,37455,f18ec1288905ab55,local_file_found
F0030,CSX-310,data/remote_sensing/remote_sensing_008_pre_2021-12-16_modis_truecolor.jpg.jpg,remote_sensing,unregistered_local_file,S030,pre_2021-12-16_modis_truecolor.jpg,auxiliary_local_files,,89538,63a5bef140c97d7c,local_file_found
F0031,CSX-310,data/remote_sensing/remote_sensing_009_alphaearth_change_1km.zip.zip,remote_sensing,unregistered_local_file,S031,alphaearth_change_1km.zip,auxiliary_local_files,,93859,1c39b562532db249,local_file_found
F0032,CSX-310,data/physical_hazard/physical_hazard_007_chirps_event_precip.zip.zip,physical_hazard,unregistered_local_file,S032,chirps_event_precip.zip,auxiliary_local_files,,915,30d3b3a270a98362,local_file_found
F0033,CSX-310,data/physical_hazard/physical_hazard_008_era5_land_event_stack.zip.zip,physical_hazard,unregistered_local_file,S033,era5_land_event_stack.zip,auxiliary_local_files,,2898,732d6dca821efea7,local_file_found
F0034,CSX-310,data/physical_hazard/physical_hazard_009_gpm_imerg_event_precip.zip.zip,physical_hazard,unregistered_local_file,S034,gpm_imerg_event_precip.zip,auxiliary_local_files,,939,031b0b1135f496e1,local_file_found
F0035,CSX-310,data/exposure_impact/exposure_impact_004_osm_overpass_exposure_slice.json.json,exposure_impact,unregistered_local_file,S035,osm_overpass_exposure_slice.json,auxiliary_local_files,,311186,704ab81fd4f03c3a,local_file_found
F0036,CSX-310,data/remote_sensing/remote_sensing_010_sentinel1_vv_change_250m.zip.zip,remote_sensing,unregistered_local_file,S036,sentinel1_vv_change_250m.zip,auxiliary_local_files,,1495424,219fbf54e16e3c68,local_file_found
F0037,CSX-310,data/remote_sensing/remote_sensing_011_sentinel2_dnbr_250m.zip.zip,remote_sensing,unregistered_local_file,S037,sentinel2_dnbr_250m.zip,auxiliary_local_files,,731598,e9013955bcff9fd3,local_file_found
F0038,CSX-310,data/exposure_impact/exposure_impact_005_worldpop_population_1km.zip.zip,exposure_impact,unregistered_local_file,S038,worldpop_population_1km.zip,auxiliary_local_files,,46076,1f6364811b829c05,local_file_found
F0039,CSX-310,data/other/other_003_01_event_specific_wikipedia_search_Wikipedia_search_for_exact_event_name.json.json,other,unregistered_local_file,S039,01_event_specific_wikipedia_search_Wikipedia_search_for_exact_event_name.json,auxiliary_local_files,,3084,8218b89d06da36c8,local_file_found
F0040,CSX-310,data/other/other_004_02_event_specific_wikidata_search_Wikidata_entity_search_for_exact_event_name.json.json,other,unregistered_local_file,S040,02_event_specific_wikidata_search_Wikidata_entity_search_for_exact_event_name.json,auxiliary_local_files,,103,533c5d677dca9d11,local_file_found
F0041,CSX-310,data/physical_hazard/physical_hazard_010_03_event_specific_news_search_GDELT_article_search_near_event_window.json.json,physical_hazard,unregistered_local_file,S041,03_event_specific_news_search_GDELT_article_search_near_event_window.json,auxiliary_local_files,,2,44136fa355b3678a,local_file_found
F0042,CSX-310,data/event_catalogs/event_catalogs_005_04_event_specific_disaster_catalog_GDACS_event_list_for_package_time_window.json.json,event_catalogs,unregistered_local_file,S042,04_event_specific_disaster_catalog_GDACS_event_list_for_package_time_window.json,auxiliary_local_files,,1416,deeab965d72ee823,local_file_found
